Datum (MEZ),Preis [EUR/kWh],Last [kWh],Preis Forecast [EUR/kWh],tau
2020-05-01 00:00:00+01:00,0.02675,87.869,0.03559836466851939,2020-05-01 00:00:00+01:00
2020-05-01 01:00:00+01:00,0.0191,84.6616,0.025157124165735463,2020-05-01 00:00:00+01:00
2020-05-01 02:00:00+01:00,0.01315,83.2734,-0.03443895341906402,2020-05-01 00:00:00+01:00
2020-05-01 03:00:00+01:00,0.0078,82.9602,-0.028081344055849826,2020-05-01 00:00:00+01:00
2020-05-01 04:00:00+01:00,0.0123,82.4234,0.018147861143508373,2020-05-01 00:00:00+01:00
2020-05-01 05:00:00+01:00,0.012700000000000001,80.1044,0.07480095275624424,2020-05-01 00:00:00+01:00
2020-05-01 06:00:00+01:00,0.0075,82.4932,-0.060171397417029406,2020-05-01 00:00:00+01:00
2020-05-01 07:00:00+01:00,-0.00785,87.4278,0.10741263009779942,2020-05-01 00:00:00+01:00
2020-05-01 08:00:00+01:00,-0.012150000000000001,96.7308,-0.05143327699935757,2020-05-01 00:00:00+01:00
2020-05-01 09:00:00+01:00,-0.014450000000000001,102.881,0.014381948901854725,2020-05-01 00:00:00+01:00
2020-05-01 10:00:00+01:00,-0.012350000000000002,106.0476,-0.08457017713076605,2020-05-01 00:00:00+01:00
2020-05-01 11:00:00+01:00,0.00175,108.0668,0.02431014765928077,2020-05-01 00:00:00+01:00
2020-05-01 12:00:00+01:00,-0.0102,105.90039999999999,-0.09990048892158025,2020-05-01 00:00:00+01:00
2020-05-01 13:00:00+01:00,-0.0103,99.8298,0.004223898630406458,2020-05-01 00:00:00+01:00
2020-05-01 14:00:00+01:00,-0.0002,99.023,-0.09193017652253209,2020-05-01 00:00:00+01:00
2020-05-01 15:00:00+01:00,0.00975,96.482,-0.028483464695523666,2020-05-01 00:00:00+01:00
2020-05-01 16:00:00+01:00,0.0394,97.8192,0.3757292496950036,2020-05-01 00:00:00+01:00
2020-05-01 17:00:00+01:00,0.09495,100.5918,0.24422318940388812,2020-05-01 00:00:00+01:00
2020-05-01 18:00:00+01:00,0.1175,103.3238,0.055344730965445794,2020-05-01 00:00:00+01:00
2020-05-01 19:00:00+01:00,0.14215,101.3022,-0.09530595890791402,2020-05-01 00:00:00+01:00
2020-05-01 20:00:00+01:00,0.1344,98.37360000000001,0.21551733531355363,2020-05-01 00:00:00+01:00
2020-05-01 21:00:00+01:00,0.10455,97.61160000000001,-0.055208155588459845,2020-05-01 00:00:00+01:00
2020-05-01 22:00:00+01:00,0.08,90.367,0.10917697897671762,2020-05-01 00:00:00+01:00
2020-05-01 23:00:00+01:00,0.061,82.9468,0.11295854806636912,2020-05-01 00:00:00+01:00
2020-05-01 01:00:00+01:00,0.0191,84.6616,0.030143994568208703,2020-05-01 01:00:00+01:00
2020-05-01 02:00:00+01:00,0.01315,83.2734,0.003055846201750723,2020-05-01 01:00:00+01:00
2020-05-01 03:00:00+01:00,0.0078,82.9602,-0.013074872489271533,2020-05-01 01:00:00+01:00
2020-05-01 04:00:00+01:00,0.0123,82.4234,0.06670160251627609,2020-05-01 01:00:00+01:00
2020-05-01 05:00:00+01:00,0.012700000000000001,80.1044,-0.006904253995047528,2020-05-01 01:00:00+01:00
2020-05-01 06:00:00+01:00,0.0075,82.4932,-0.03210239865637778,2020-05-01 01:00:00+01:00
2020-05-01 07:00:00+01:00,-0.00785,87.4278,0.00042825646841422073,2020-05-01 01:00:00+01:00
2020-05-01 08:00:00+01:00,-0.012150000000000001,96.7308,-0.009388431888494971,2020-05-01 01:00:00+01:00
2020-05-01 09:00:00+01:00,-0.014450000000000001,102.881,-0.033011774102966324,2020-05-01 01:00:00+01:00
2020-05-01 10:00:00+01:00,-0.012350000000000002,106.0476,0.04404633102065517,2020-05-01 01:00:00+01:00
2020-05-01 11:00:00+01:00,0.00175,108.0668,-0.06370933020874801,2020-05-01 01:00:00+01:00
2020-05-01 12:00:00+01:00,-0.0102,105.90039999999999,-0.10994947270742078,2020-05-01 01:00:00+01:00
2020-05-01 13:00:00+01:00,-0.0103,99.8298,-0.05874047608194473,2020-05-01 01:00:00+01:00
2020-05-01 14:00:00+01:00,-0.0002,99.023,-0.02293194604130251,2020-05-01 01:00:00+01:00
2020-05-01 15:00:00+01:00,0.00975,96.482,0.08085185049088907,2020-05-01 01:00:00+01:00
2020-05-01 16:00:00+01:00,0.0394,97.8192,0.10474272860141295,2020-05-01 01:00:00+01:00
2020-05-01 17:00:00+01:00,0.09495,100.5918,0.09054785275157302,2020-05-01 01:00:00+01:00
2020-05-01 18:00:00+01:00,0.1175,103.3238,0.08296526478773068,2020-05-01 01:00:00+01:00
2020-05-01 19:00:00+01:00,0.14215,101.3022,0.407306477008108,2020-05-01 01:00:00+01:00
2020-05-01 20:00:00+01:00,0.1344,98.37360000000001,0.12648669622707354,2020-05-01 01:00:00+01:00
2020-05-01 21:00:00+01:00,0.10455,97.61160000000001,0.15668916767265761,2020-05-01 01:00:00+01:00
2020-05-01 22:00:00+01:00,0.08,90.367,-0.03876135855691032,2020-05-01 01:00:00+01:00
2020-05-01 23:00:00+01:00,0.061,82.9468,-0.1627609365421582,2020-05-01 01:00:00+01:00
2020-05-02 00:00:00+01:00,0.05,79.2734,0.24243273036020374,2020-05-01 01:00:00+01:00
2020-05-01 02:00:00+01:00,0.01315,83.2734,0.0073731027221424755,2020-05-01 02:00:00+01:00
2020-05-01 03:00:00+01:00,0.0078,82.9602,0.009374118654568981,2020-05-01 02:00:00+01:00
2020-05-01 04:00:00+01:00,0.0123,82.4234,-0.01851326834391387,2020-05-01 02:00:00+01:00
2020-05-01 05:00:00+01:00,0.012700000000000001,80.1044,0.05428195508117955,2020-05-01 02:00:00+01:00
2020-05-01 06:00:00+01:00,0.0075,82.4932,-0.004905342941333905,2020-05-01 02:00:00+01:00
2020-05-01 07:00:00+01:00,-0.00785,87.4278,0.02992164755969993,2020-05-01 02:00:00+01:00
2020-05-01 08:00:00+01:00,-0.012150000000000001,96.7308,-0.04542609073767979,2020-05-01 02:00:00+01:00
2020-05-01 09:00:00+01:00,-0.014450000000000001,102.881,-0.005625735192006005,2020-05-01 02:00:00+01:00
2020-05-01 10:00:00+01:00,-0.012350000000000002,106.0476,-0.06805809156490401,2020-05-01 02:00:00+01:00
2020-05-01 11:00:00+01:00,0.00175,108.0668,0.06898309090001764,2020-05-01 02:00:00+01:00
2020-05-01 12:00:00+01:00,-0.0102,105.90039999999999,0.056687123974638196,2020-05-01 02:00:00+01:00
2020-05-01 13:00:00+01:00,-0.0103,99.8298,0.002594308911646713,2020-05-01 02:00:00+01:00
2020-05-01 14:00:00+01:00,-0.0002,99.023,-0.06735166677924007,2020-05-01 02:00:00+01:00
2020-05-01 15:00:00+01:00,0.00975,96.482,0.05970053169012579,2020-05-01 02:00:00+01:00
2020-05-01 16:00:00+01:00,0.0394,97.8192,0.0769547795990087,2020-05-01 02:00:00+01:00
2020-05-01 17:00:00+01:00,0.09495,100.5918,-0.038508953100540866,2020-05-01 02:00:00+01:00
2020-05-01 18:00:00+01:00,0.1175,103.3238,0.0894110438372362,2020-05-01 02:00:00+01:00
2020-05-01 19:00:00+01:00,0.14215,101.3022,0.12469024353236385,2020-05-01 02:00:00+01:00
2020-05-01 20:00:00+01:00,0.1344,98.37360000000001,0.23243298588889294,2020-05-01 02:00:00+01:00
2020-05-01 21:00:00+01:00,0.10455,97.61160000000001,0.10561034565978394,2020-05-01 02:00:00+01:00
2020-05-01 22:00:00+01:00,0.08,90.367,0.10913596032082784,2020-05-01 02:00:00+01:00
2020-05-01 23:00:00+01:00,0.061,82.9468,-0.0261750922881525,2020-05-01 02:00:00+01:00
2020-05-02 00:00:00+01:00,0.05,79.2734,-0.07546947089133042,2020-05-01 02:00:00+01:00
2020-05-02 01:00:00+01:00,0.05,77.13380000000001,0.20139152586825748,2020-05-01 02:00:00+01:00
2020-05-01 03:00:00+01:00,0.0078,82.9602,0.0235888640593339,2020-05-01 03:00:00+01:00
2020-05-01 04:00:00+01:00,0.0123,82.4234,0.03653920938302185,2020-05-01 03:00:00+01:00
2020-05-01 05:00:00+01:00,0.012700000000000001,80.1044,0.01309691403240914,2020-05-01 03:00:00+01:00
2020-05-01 06:00:00+01:00,0.0075,82.4932,-0.013528339985252678,2020-05-01 03:00:00+01:00
2020-05-01 07:00:00+01:00,-0.00785,87.4278,0.004543296550105068,2020-05-01 03:00:00+01:00
2020-05-01 08:00:00+01:00,-0.012150000000000001,96.7308,0.01490566710864006,2020-05-01 03:00:00+01:00
2020-05-01 09:00:00+01:00,-0.014450000000000001,102.881,-0.05608597108719386,2020-05-01 03:00:00+01:00
2020-05-01 10:00:00+01:00,-0.012350000000000002,106.0476,-0.058387342223840746,2020-05-01 03:00:00+01:00
2020-05-01 11:00:00+01:00,0.00175,108.0668,-0.0071492894740068785,2020-05-01 03:00:00+01:00
2020-05-01 12:00:00+01:00,-0.0102,105.90039999999999,0.04321114608729592,2020-05-01 03:00:00+01:00
2020-05-01 13:00:00+01:00,-0.0103,99.8298,0.007283543157612048,2020-05-01 03:00:00+01:00
2020-05-01 14:00:00+01:00,-0.0002,99.023,-0.07591222121934772,2020-05-01 03:00:00+01:00
2020-05-01 15:00:00+01:00,0.00975,96.482,-0.05896872821861609,2020-05-01 03:00:00+01:00
2020-05-01 16:00:00+01:00,0.0394,97.8192,0.09883399464379701,2020-05-01 03:00:00+01:00
2020-05-01 17:00:00+01:00,0.09495,100.5918,0.032898714458751206,2020-05-01 03:00:00+01:00
2020-05-01 18:00:00+01:00,0.1175,103.3238,0.07270689291426483,2020-05-01 03:00:00+01:00
2020-05-01 19:00:00+01:00,0.14215,101.3022,0.24647334795356218,2020-05-01 03:00:00+01:00
2020-05-01 20:00:00+01:00,0.1344,98.37360000000001,0.11176135696089022,2020-05-01 03:00:00+01:00
2020-05-01 21:00:00+01:00,0.10455,97.61160000000001,0.08138933080812702,2020-05-01 03:00:00+01:00
2020-05-01 22:00:00+01:00,0.08,90.367,0.06725532954199911,2020-05-01 03:00:00+01:00
2020-05-01 23:00:00+01:00,0.061,82.9468,0.19232010450437498,2020-05-01 03:00:00+01:00
2020-05-02 00:00:00+01:00,0.05,79.2734,-0.1725004998466006,2020-05-01 03:00:00+01:00
2020-05-02 01:00:00+01:00,0.05,77.13380000000001,0.023095907783363918,2020-05-01 03:00:00+01:00
2020-05-02 02:00:00+01:00,0.04,76.4916,-0.10364200617676447,2020-05-01 03:00:00+01:00
2020-05-01 04:00:00+01:00,0.0123,82.4234,0.008906380281589358,2020-05-01 04:00:00+01:00
2020-05-01 05:00:00+01:00,0.012700000000000001,80.1044,0.004219886277138679,2020-05-01 04:00:00+01:00
2020-05-01 06:00:00+01:00,0.0075,82.4932,0.03016594933735702,2020-05-01 04:00:00+01:00
2020-05-01 07:00:00+01:00,-0.00785,87.4278,0.019798048124512795,2020-05-01 04:00:00+01:00
2020-05-01 08:00:00+01:00,-0.012150000000000001,96.7308,-0.010164724849932437,2020-05-01 04:00:00+01:00
2020-05-01 09:00:00+01:00,-0.014450000000000001,102.881,0.03417981625722874,2020-05-01 04:00:00+01:00
2020-05-01 10:00:00+01:00,-0.012350000000000002,106.0476,0.02330038773628055,2020-05-01 04:00:00+01:00
2020-05-01 11:00:00+01:00,0.00175,108.0668,0.04616719587700223,2020-05-01 04:00:00+01:00
2020-05-01 12:00:00+01:00,-0.0102,105.90039999999999,0.03754332295756467,2020-05-01 04:00:00+01:00
2020-05-01 13:00:00+01:00,-0.0103,99.8298,0.0715309813315028,2020-05-01 04:00:00+01:00
2020-05-01 14:00:00+01:00,-0.0002,99.023,0.0572437440385678,2020-05-01 04:00:00+01:00
2020-05-01 15:00:00+01:00,0.00975,96.482,-0.07105232664321912,2020-05-01 04:00:00+01:00
2020-05-01 16:00:00+01:00,0.0394,97.8192,0.047273984826144304,2020-05-01 04:00:00+01:00
2020-05-01 17:00:00+01:00,0.09495,100.5918,0.08099226901502374,2020-05-01 04:00:00+01:00
2020-05-01 18:00:00+01:00,0.1175,103.3238,0.25370542754482595,2020-05-01 04:00:00+01:00
2020-05-01 19:00:00+01:00,0.14215,101.3022,0.03299723079396631,2020-05-01 04:00:00+01:00
2020-05-01 20:00:00+01:00,0.1344,98.37360000000001,0.26534195304280617,2020-05-01 04:00:00+01:00
2020-05-01 21:00:00+01:00,0.10455,97.61160000000001,0.13397438741213444,2020-05-01 04:00:00+01:00
2020-05-01 22:00:00+01:00,0.08,90.367,0.2853369206708109,2020-05-01 04:00:00+01:00
2020-05-01 23:00:00+01:00,0.061,82.9468,0.19909344469109735,2020-05-01 04:00:00+01:00
2020-05-02 00:00:00+01:00,0.05,79.2734,-0.11100968631351006,2020-05-01 04:00:00+01:00
2020-05-02 01:00:00+01:00,0.05,77.13380000000001,-0.07758535036492507,2020-05-01 04:00:00+01:00
2020-05-02 02:00:00+01:00,0.04,76.4916,-0.18570857668696863,2020-05-01 04:00:00+01:00
2020-05-02 03:00:00+01:00,0.04,77.78280000000001,0.2909733181665445,2020-05-01 04:00:00+01:00
2020-05-01 05:00:00+01:00,0.012700000000000001,80.1044,0.0280486261218026,2020-05-01 05:00:00+01:00
2020-05-01 06:00:00+01:00,0.0075,82.4932,0.0012696894072953407,2020-05-01 05:00:00+01:00
2020-05-01 07:00:00+01:00,-0.00785,87.4278,-0.026931776237298005,2020-05-01 05:00:00+01:00
2020-05-01 08:00:00+01:00,-0.012150000000000001,96.7308,-0.031604772837200326,2020-05-01 05:00:00+01:00
2020-05-01 09:00:00+01:00,-0.014450000000000001,102.881,-0.0118876750841393,2020-05-01 05:00:00+01:00
2020-05-01 10:00:00+01:00,-0.012350000000000002,106.0476,-0.01112974411070971,2020-05-01 05:00:00+01:00
2020-05-01 11:00:00+01:00,0.00175,108.0668,0.03866098025725088,2020-05-01 05:00:00+01:00
2020-05-01 12:00:00+01:00,-0.0102,105.90039999999999,0.07683929427126703,2020-05-01 05:00:00+01:00
2020-05-01 13:00:00+01:00,-0.0103,99.8298,-0.027702660501377336,2020-05-01 05:00:00+01:00
2020-05-01 14:00:00+01:00,-0.0002,99.023,0.002960273573739222,2020-05-01 05:00:00+01:00
2020-05-01 15:00:00+01:00,0.00975,96.482,-0.09670347003055327,2020-05-01 05:00:00+01:00
2020-05-01 16:00:00+01:00,0.0394,97.8192,-0.0820733365510935,2020-05-01 05:00:00+01:00
2020-05-01 17:00:00+01:00,0.09495,100.5918,0.11323173468091981,2020-05-01 05:00:00+01:00
2020-05-01 18:00:00+01:00,0.1175,103.3238,-0.061788842734456645,2020-05-01 05:00:00+01:00
2020-05-01 19:00:00+01:00,0.14215,101.3022,0.14504894626721382,2020-05-01 05:00:00+01:00
2020-05-01 20:00:00+01:00,0.1344,98.37360000000001,0.10699478541635318,2020-05-01 05:00:00+01:00
2020-05-01 21:00:00+01:00,0.10455,97.61160000000001,0.15679630268255257,2020-05-01 05:00:00+01:00
2020-05-01 22:00:00+01:00,0.08,90.367,0.0208554583502759,2020-05-01 05:00:00+01:00
2020-05-01 23:00:00+01:00,0.061,82.9468,-0.099441539635995,2020-05-01 05:00:00+01:00
2020-05-02 00:00:00+01:00,0.05,79.2734,-0.02670838637990601,2020-05-01 05:00:00+01:00
2020-05-02 01:00:00+01:00,0.05,77.13380000000001,-0.08120775539326587,2020-05-01 05:00:00+01:00
2020-05-02 02:00:00+01:00,0.04,76.4916,-0.13856770118415132,2020-05-01 05:00:00+01:00
2020-05-02 03:00:00+01:00,0.04,77.78280000000001,0.28342667542156946,2020-05-01 05:00:00+01:00
2020-05-02 04:00:00+01:00,0.04,80.29480000000001,0.12031049985470124,2020-05-01 05:00:00+01:00
2020-05-01 06:00:00+01:00,0.0075,82.4932,0.01685710681629838,2020-05-01 06:00:00+01:00
2020-05-01 07:00:00+01:00,-0.00785,87.4278,0.02883199496893366,2020-05-01 06:00:00+01:00
2020-05-01 08:00:00+01:00,-0.012150000000000001,96.7308,-0.033313257161395826,2020-05-01 06:00:00+01:00
2020-05-01 09:00:00+01:00,-0.014450000000000001,102.881,0.005050976487359221,2020-05-01 06:00:00+01:00
2020-05-01 10:00:00+01:00,-0.012350000000000002,106.0476,-0.021988892650219354,2020-05-01 06:00:00+01:00
2020-05-01 11:00:00+01:00,0.00175,108.0668,0.00688459492612421,2020-05-01 06:00:00+01:00
2020-05-01 12:00:00+01:00,-0.0102,105.90039999999999,-0.03296448627455627,2020-05-01 06:00:00+01:00
2020-05-01 13:00:00+01:00,-0.0103,99.8298,-0.07849475775876176,2020-05-01 06:00:00+01:00
2020-05-01 14:00:00+01:00,-0.0002,99.023,-0.04937816065469675,2020-05-01 06:00:00+01:00
2020-05-01 15:00:00+01:00,0.00975,96.482,0.07136077179642658,2020-05-01 06:00:00+01:00
2020-05-01 16:00:00+01:00,0.0394,97.8192,0.035792317237146196,2020-05-01 06:00:00+01:00
2020-05-01 17:00:00+01:00,0.09495,100.5918,-0.011447046724942636,2020-05-01 06:00:00+01:00
2020-05-01 18:00:00+01:00,0.1175,103.3238,-0.05219147537172883,2020-05-01 06:00:00+01:00
2020-05-01 19:00:00+01:00,0.14215,101.3022,0.2432924388401712,2020-05-01 06:00:00+01:00
2020-05-01 20:00:00+01:00,0.1344,98.37360000000001,0.10762332746847264,2020-05-01 06:00:00+01:00
2020-05-01 21:00:00+01:00,0.10455,97.61160000000001,-0.11055480027280892,2020-05-01 06:00:00+01:00
2020-05-01 22:00:00+01:00,0.08,90.367,0.18891932704218584,2020-05-01 06:00:00+01:00
2020-05-01 23:00:00+01:00,0.061,82.9468,-0.02120847154981345,2020-05-01 06:00:00+01:00
2020-05-02 00:00:00+01:00,0.05,79.2734,-0.028976156352049226,2020-05-01 06:00:00+01:00
2020-05-02 01:00:00+01:00,0.05,77.13380000000001,0.09818385176808148,2020-05-01 06:00:00+01:00
2020-05-02 02:00:00+01:00,0.04,76.4916,-0.05052895993195725,2020-05-01 06:00:00+01:00
2020-05-02 03:00:00+01:00,0.04,77.78280000000001,0.186371149275888,2020-05-01 06:00:00+01:00
2020-05-02 04:00:00+01:00,0.04,80.29480000000001,0.043701551588363294,2020-05-01 06:00:00+01:00
2020-05-02 05:00:00+01:00,0.036,81.348,0.18852562902108574,2020-05-01 06:00:00+01:00
2020-05-01 07:00:00+01:00,-0.00785,87.4278,-0.03074566291010477,2020-05-01 07:00:00+01:00
2020-05-01 08:00:00+01:00,-0.012150000000000001,96.7308,0.006984212424603939,2020-05-01 07:00:00+01:00
2020-05-01 09:00:00+01:00,-0.014450000000000001,102.881,-0.0256831460767784,2020-05-01 07:00:00+01:00
2020-05-01 10:00:00+01:00,-0.012350000000000002,106.0476,0.04388242106599854,2020-05-01 07:00:00+01:00
2020-05-01 11:00:00+01:00,0.00175,108.0668,-0.024114243120161027,2020-05-01 07:00:00+01:00
2020-05-01 12:00:00+01:00,-0.0102,105.90039999999999,0.0069788185960835865,2020-05-01 07:00:00+01:00
2020-05-01 13:00:00+01:00,-0.0103,99.8298,-0.07303661815999013,2020-05-01 07:00:00+01:00
2020-05-01 14:00:00+01:00,-0.0002,99.023,0.04883932672151028,2020-05-01 07:00:00+01:00
2020-05-01 15:00:00+01:00,0.00975,96.482,-0.0008768962387757026,2020-05-01 07:00:00+01:00
2020-05-01 16:00:00+01:00,0.0394,97.8192,0.12546879966346838,2020-05-01 07:00:00+01:00
2020-05-01 17:00:00+01:00,0.09495,100.5918,0.22011401417418272,2020-05-01 07:00:00+01:00
2020-05-01 18:00:00+01:00,0.1175,103.3238,0.13418409411173837,2020-05-01 07:00:00+01:00
2020-05-01 19:00:00+01:00,0.14215,101.3022,0.07958342025736344,2020-05-01 07:00:00+01:00
2020-05-01 20:00:00+01:00,0.1344,98.37360000000001,0.22908505247108119,2020-05-01 07:00:00+01:00
2020-05-01 21:00:00+01:00,0.10455,97.61160000000001,0.15215212160759164,2020-05-01 07:00:00+01:00
2020-05-01 22:00:00+01:00,0.08,90.367,0.02110941309875059,2020-05-01 07:00:00+01:00
2020-05-01 23:00:00+01:00,0.061,82.9468,0.10902054320554083,2020-05-01 07:00:00+01:00
2020-05-02 00:00:00+01:00,0.05,79.2734,-0.023955679088328588,2020-05-01 07:00:00+01:00
2020-05-02 01:00:00+01:00,0.05,77.13380000000001,0.0003879520709190315,2020-05-01 07:00:00+01:00
2020-05-02 02:00:00+01:00,0.04,76.4916,0.0016135755001634097,2020-05-01 07:00:00+01:00
2020-05-02 03:00:00+01:00,0.04,77.78280000000001,-0.11188106579673815,2020-05-01 07:00:00+01:00
2020-05-02 04:00:00+01:00,0.04,80.29480000000001,0.2433579263043349,2020-05-01 07:00:00+01:00
2020-05-02 05:00:00+01:00,0.036,81.348,-0.21854207701715803,2020-05-01 07:00:00+01:00
2020-05-02 06:00:00+01:00,0.04,86.4352,-0.0642277873049498,2020-05-01 07:00:00+01:00
2020-05-01 08:00:00+01:00,-0.012150000000000001,96.7308,-0.008202718374610084,2020-05-01 08:00:00+01:00
2020-05-01 09:00:00+01:00,-0.014450000000000001,102.881,-0.010378349196868808,2020-05-01 08:00:00+01:00
2020-05-01 10:00:00+01:00,-0.012350000000000002,106.0476,-0.027554683137065637,2020-05-01 08:00:00+01:00
2020-05-01 11:00:00+01:00,0.00175,108.0668,-0.0035569923935267625,2020-05-01 08:00:00+01:00
2020-05-01 12:00:00+01:00,-0.0102,105.90039999999999,-0.05197448922442405,2020-05-01 08:00:00+01:00
2020-05-01 13:00:00+01:00,-0.0103,99.8298,-0.004244715114886494,2020-05-01 08:00:00+01:00
2020-05-01 14:00:00+01:00,-0.0002,99.023,-0.01895546083279417,2020-05-01 08:00:00+01:00
2020-05-01 15:00:00+01:00,0.00975,96.482,0.06149543911652577,2020-05-01 08:00:00+01:00
2020-05-01 16:00:00+01:00,0.0394,97.8192,0.08999876765701031,2020-05-01 08:00:00+01:00
2020-05-01 17:00:00+01:00,0.09495,100.5918,0.08317696703043881,2020-05-01 08:00:00+01:00
2020-05-01 18:00:00+01:00,0.1175,103.3238,0.06070150391131598,2020-05-01 08:00:00+01:00
2020-05-01 19:00:00+01:00,0.14215,101.3022,0.3509600388674362,2020-05-01 08:00:00+01:00
2020-05-01 20:00:00+01:00,0.1344,98.37360000000001,0.14193128932103188,2020-05-01 08:00:00+01:00
2020-05-01 21:00:00+01:00,0.10455,97.61160000000001,0.09803845253712125,2020-05-01 08:00:00+01:00
2020-05-01 22:00:00+01:00,0.08,90.367,0.20122137316553407,2020-05-01 08:00:00+01:00
2020-05-01 23:00:00+01:00,0.061,82.9468,0.29753889390357174,2020-05-01 08:00:00+01:00
2020-05-02 00:00:00+01:00,0.05,79.2734,0.08939549851961331,2020-05-01 08:00:00+01:00
2020-05-02 01:00:00+01:00,0.05,77.13380000000001,-0.09997336348404863,2020-05-01 08:00:00+01:00
2020-05-02 02:00:00+01:00,0.04,76.4916,-0.013135983860209213,2020-05-01 08:00:00+01:00
2020-05-02 03:00:00+01:00,0.04,77.78280000000001,0.05556659582175481,2020-05-01 08:00:00+01:00
2020-05-02 04:00:00+01:00,0.04,80.29480000000001,0.030916921468643246,2020-05-01 08:00:00+01:00
2020-05-02 05:00:00+01:00,0.036,81.348,0.14275485881455788,2020-05-01 08:00:00+01:00
2020-05-02 06:00:00+01:00,0.04,86.4352,-0.07359925366262746,2020-05-01 08:00:00+01:00
2020-05-02 07:00:00+01:00,0.051500000000000004,93.0248,0.1034551277524987,2020-05-01 08:00:00+01:00
2020-05-01 09:00:00+01:00,-0.014450000000000001,102.881,-0.005979688476259747,2020-05-01 09:00:00+01:00
2020-05-01 10:00:00+01:00,-0.012350000000000002,106.0476,-0.01623439782933398,2020-05-01 09:00:00+01:00
2020-05-01 11:00:00+01:00,0.00175,108.0668,-0.011928687004041158,2020-05-01 09:00:00+01:00
2020-05-01 12:00:00+01:00,-0.0102,105.90039999999999,-0.011336410251716963,2020-05-01 09:00:00+01:00
2020-05-01 13:00:00+01:00,-0.0103,99.8298,-0.009629316840351258,2020-05-01 09:00:00+01:00
2020-05-01 14:00:00+01:00,-0.0002,99.023,-0.046752198550243616,2020-05-01 09:00:00+01:00
2020-05-01 15:00:00+01:00,0.00975,96.482,-0.01472656286654186,2020-05-01 09:00:00+01:00
2020-05-01 16:00:00+01:00,0.0394,97.8192,0.000266561973180722,2020-05-01 09:00:00+01:00
2020-05-01 17:00:00+01:00,0.09495,100.5918,0.11724087135053092,2020-05-01 09:00:00+01:00
2020-05-01 18:00:00+01:00,0.1175,103.3238,0.02653853288540288,2020-05-01 09:00:00+01:00
2020-05-01 19:00:00+01:00,0.14215,101.3022,0.09415688724277098,2020-05-01 09:00:00+01:00
2020-05-01 20:00:00+01:00,0.1344,98.37360000000001,0.1592198346803665,2020-05-01 09:00:00+01:00
2020-05-01 21:00:00+01:00,0.10455,97.61160000000001,0.08235794140752545,2020-05-01 09:00:00+01:00
2020-05-01 22:00:00+01:00,0.08,90.367,0.10164694750147386,2020-05-01 09:00:00+01:00
2020-05-01 23:00:00+01:00,0.061,82.9468,-0.15141095305381186,2020-05-01 09:00:00+01:00
2020-05-02 00:00:00+01:00,0.05,79.2734,-0.18507862815208542,2020-05-01 09:00:00+01:00
2020-05-02 01:00:00+01:00,0.05,77.13380000000001,0.23669124439652917,2020-05-01 09:00:00+01:00
2020-05-02 02:00:00+01:00,0.04,76.4916,0.0250946539322279,2020-05-01 09:00:00+01:00
2020-05-02 03:00:00+01:00,0.04,77.78280000000001,0.05731380746610581,2020-05-01 09:00:00+01:00
2020-05-02 04:00:00+01:00,0.04,80.29480000000001,0.04127294415712645,2020-05-01 09:00:00+01:00
2020-05-02 05:00:00+01:00,0.036,81.348,0.26489704928419106,2020-05-01 09:00:00+01:00
2020-05-02 06:00:00+01:00,0.04,86.4352,-0.13799561230685853,2020-05-01 09:00:00+01:00
2020-05-02 07:00:00+01:00,0.051500000000000004,93.0248,0.2582058321678145,2020-05-01 09:00:00+01:00
2020-05-02 08:00:00+01:00,0.052750000000000005,100.8638,0.21162789186426822,2020-05-01 09:00:00+01:00
2020-05-01 10:00:00+01:00,-0.012350000000000002,106.0476,-0.037428951487137485,2020-05-01 10:00:00+01:00
2020-05-01 11:00:00+01:00,0.00175,108.0668,0.031114410940073896,2020-05-01 10:00:00+01:00
2020-05-01 12:00:00+01:00,-0.0102,105.90039999999999,-0.028400872476762703,2020-05-01 10:00:00+01:00
2020-05-01 13:00:00+01:00,-0.0103,99.8298,-0.02440900807889803,2020-05-01 10:00:00+01:00
2020-05-01 14:00:00+01:00,-0.0002,99.023,-0.025619814365418585,2020-05-01 10:00:00+01:00
2020-05-01 15:00:00+01:00,0.00975,96.482,0.078910291971606,2020-05-01 10:00:00+01:00
2020-05-01 16:00:00+01:00,0.0394,97.8192,0.0022960494781043353,2020-05-01 10:00:00+01:00
2020-05-01 17:00:00+01:00,0.09495,100.5918,0.1910605554237868,2020-05-01 10:00:00+01:00
2020-05-01 18:00:00+01:00,0.1175,103.3238,0.20846072971198035,2020-05-01 10:00:00+01:00
2020-05-01 19:00:00+01:00,0.14215,101.3022,0.20096827232549438,2020-05-01 10:00:00+01:00
2020-05-01 20:00:00+01:00,0.1344,98.37360000000001,0.028723378640987174,2020-05-01 10:00:00+01:00
2020-05-01 21:00:00+01:00,0.10455,97.61160000000001,0.20572616523005305,2020-05-01 10:00:00+01:00
2020-05-01 22:00:00+01:00,0.08,90.367,0.05976669654528266,2020-05-01 10:00:00+01:00
2020-05-01 23:00:00+01:00,0.061,82.9468,0.043227187949686836,2020-05-01 10:00:00+01:00
2020-05-02 00:00:00+01:00,0.05,79.2734,0.16858396079589405,2020-05-01 10:00:00+01:00
2020-05-02 01:00:00+01:00,0.05,77.13380000000001,0.11198952368830033,2020-05-01 10:00:00+01:00
2020-05-02 02:00:00+01:00,0.04,76.4916,0.07366160655318513,2020-05-01 10:00:00+01:00
2020-05-02 03:00:00+01:00,0.04,77.78280000000001,0.1343270424606023,2020-05-01 10:00:00+01:00
2020-05-02 04:00:00+01:00,0.04,80.29480000000001,0.00326617066006301,2020-05-01 10:00:00+01:00
2020-05-02 05:00:00+01:00,0.036,81.348,-0.06607694840113287,2020-05-01 10:00:00+01:00
2020-05-02 06:00:00+01:00,0.04,86.4352,0.04279247660232782,2020-05-01 10:00:00+01:00
2020-05-02 07:00:00+01:00,0.051500000000000004,93.0248,0.10463837763654468,2020-05-01 10:00:00+01:00
2020-05-02 08:00:00+01:00,0.052750000000000005,100.8638,-0.004414097203517382,2020-05-01 10:00:00+01:00
2020-05-02 09:00:00+01:00,0.0535,105.7388,0.029957048454822083,2020-05-01 10:00:00+01:00
2020-05-01 11:00:00+01:00,0.00175,108.0668,-0.006514421046270823,2020-05-01 11:00:00+01:00
2020-05-01 12:00:00+01:00,-0.0102,105.90039999999999,-0.012224814155289221,2020-05-01 11:00:00+01:00
2020-05-01 13:00:00+01:00,-0.0103,99.8298,-0.008467778732125302,2020-05-01 11:00:00+01:00
2020-05-01 14:00:00+01:00,-0.0002,99.023,0.0004951183484091514,2020-05-01 11:00:00+01:00
2020-05-01 15:00:00+01:00,0.00975,96.482,0.06407643650323398,2020-05-01 11:00:00+01:00
2020-05-01 16:00:00+01:00,0.0394,97.8192,-0.01515025822217761,2020-05-01 11:00:00+01:00
2020-05-01 17:00:00+01:00,0.09495,100.5918,0.12453158882996362,2020-05-01 11:00:00+01:00
2020-05-01 18:00:00+01:00,0.1175,103.3238,0.09183720908884146,2020-05-01 11:00:00+01:00
2020-05-01 19:00:00+01:00,0.14215,101.3022,0.15277222456261072,2020-05-01 11:00:00+01:00
2020-05-01 20:00:00+01:00,0.1344,98.37360000000001,0.19029450091157035,2020-05-01 11:00:00+01:00
2020-05-01 21:00:00+01:00,0.10455,97.61160000000001,0.09464657460164366,2020-05-01 11:00:00+01:00
2020-05-01 22:00:00+01:00,0.08,90.367,-0.018509102272293604,2020-05-01 11:00:00+01:00
2020-05-01 23:00:00+01:00,0.061,82.9468,0.040904809420922034,2020-05-01 11:00:00+01:00
2020-05-02 00:00:00+01:00,0.05,79.2734,0.05839414179283854,2020-05-01 11:00:00+01:00
2020-05-02 01:00:00+01:00,0.05,77.13380000000001,0.06917355981309013,2020-05-01 11:00:00+01:00
2020-05-02 02:00:00+01:00,0.04,76.4916,0.08340279489178037,2020-05-01 11:00:00+01:00
2020-05-02 03:00:00+01:00,0.04,77.78280000000001,-0.04894427912975475,2020-05-01 11:00:00+01:00
2020-05-02 04:00:00+01:00,0.04,80.29480000000001,-0.05189824514253218,2020-05-01 11:00:00+01:00
2020-05-02 05:00:00+01:00,0.036,81.348,0.0854449529327824,2020-05-01 11:00:00+01:00
2020-05-02 06:00:00+01:00,0.04,86.4352,0.0009276546734893684,2020-05-01 11:00:00+01:00
2020-05-02 07:00:00+01:00,0.051500000000000004,93.0248,0.14394673649694179,2020-05-01 11:00:00+01:00
2020-05-02 08:00:00+01:00,0.052750000000000005,100.8638,-0.10479037761074327,2020-05-01 11:00:00+01:00
2020-05-02 09:00:00+01:00,0.0535,105.7388,-0.05284681523566693,2020-05-01 11:00:00+01:00
2020-05-02 10:00:00+01:00,0.0564,108.757,0.3073715692605837,2020-05-01 11:00:00+01:00
2020-05-01 12:00:00+01:00,-0.0102,105.90039999999999,-0.0032318833546454663,2020-05-01 12:00:00+01:00
2020-05-01 13:00:00+01:00,-0.0103,99.8298,-0.019032796124051746,2020-05-01 12:00:00+01:00
2020-05-01 14:00:00+01:00,-0.0002,99.023,0.015727918657995717,2020-05-01 12:00:00+01:00
2020-05-01 15:00:00+01:00,0.00975,96.482,-0.02831454629386232,2020-05-01 12:00:00+01:00
2020-05-01 16:00:00+01:00,0.0394,97.8192,0.061494961846999194,2020-05-01 12:00:00+01:00
2020-05-01 17:00:00+01:00,0.09495,100.5918,0.05339895440451895,2020-05-01 12:00:00+01:00
2020-05-01 18:00:00+01:00,0.1175,103.3238,0.14724853421812667,2020-05-01 12:00:00+01:00
2020-05-01 19:00:00+01:00,0.14215,101.3022,0.15226554580389173,2020-05-01 12:00:00+01:00
2020-05-01 20:00:00+01:00,0.1344,98.37360000000001,0.10803309055976512,2020-05-01 12:00:00+01:00
2020-05-01 21:00:00+01:00,0.10455,97.61160000000001,0.022604813117733186,2020-05-01 12:00:00+01:00
2020-05-01 22:00:00+01:00,0.08,90.367,0.06962108037306639,2020-05-01 12:00:00+01:00
2020-05-01 23:00:00+01:00,0.061,82.9468,0.08079604238075744,2020-05-01 12:00:00+01:00
2020-05-02 00:00:00+01:00,0.05,79.2734,-0.006360446592855236,2020-05-01 12:00:00+01:00
2020-05-02 01:00:00+01:00,0.05,77.13380000000001,-0.030580933193478835,2020-05-01 12:00:00+01:00
2020-05-02 02:00:00+01:00,0.04,76.4916,0.01706764097146577,2020-05-01 12:00:00+01:00
2020-05-02 03:00:00+01:00,0.04,77.78280000000001,0.02071587766864787,2020-05-01 12:00:00+01:00
2020-05-02 04:00:00+01:00,0.04,80.29480000000001,0.17426805134147508,2020-05-01 12:00:00+01:00
2020-05-02 05:00:00+01:00,0.036,81.348,0.008731108628871758,2020-05-01 12:00:00+01:00
2020-05-02 06:00:00+01:00,0.04,86.4352,0.14390198269077287,2020-05-01 12:00:00+01:00
2020-05-02 07:00:00+01:00,0.051500000000000004,93.0248,-0.14233347850463784,2020-05-01 12:00:00+01:00
2020-05-02 08:00:00+01:00,0.052750000000000005,100.8638,0.27505671527015507,2020-05-01 12:00:00+01:00
2020-05-02 09:00:00+01:00,0.0535,105.7388,0.06291821902890009,2020-05-01 12:00:00+01:00
2020-05-02 10:00:00+01:00,0.0564,108.757,0.15246074185435468,2020-05-01 12:00:00+01:00
2020-05-02 11:00:00+01:00,0.05005,112.256,-0.09554254227543553,2020-05-01 12:00:00+01:00
2020-05-01 13:00:00+01:00,-0.0103,99.8298,-0.016043184593529616,2020-05-01 13:00:00+01:00
2020-05-01 14:00:00+01:00,-0.0002,99.023,-0.023585888340399878,2020-05-01 13:00:00+01:00
2020-05-01 15:00:00+01:00,0.00975,96.482,0.041664785463485836,2020-05-01 13:00:00+01:00
2020-05-01 16:00:00+01:00,0.0394,97.8192,0.026460649091095752,2020-05-01 13:00:00+01:00
2020-05-01 17:00:00+01:00,0.09495,100.5918,0.1176038235342491,2020-05-01 13:00:00+01:00
2020-05-01 18:00:00+01:00,0.1175,103.3238,0.1460817242237849,2020-05-01 13:00:00+01:00
2020-05-01 19:00:00+01:00,0.14215,101.3022,0.1250002379605808,2020-05-01 13:00:00+01:00
2020-05-01 20:00:00+01:00,0.1344,98.37360000000001,0.24518595547611438,2020-05-01 13:00:00+01:00
2020-05-01 21:00:00+01:00,0.10455,97.61160000000001,0.10683785145478589,2020-05-01 13:00:00+01:00
2020-05-01 22:00:00+01:00,0.08,90.367,0.0999208913478791,2020-05-01 13:00:00+01:00
2020-05-01 23:00:00+01:00,0.061,82.9468,0.027939149284958484,2020-05-01 13:00:00+01:00
2020-05-02 00:00:00+01:00,0.05,79.2734,0.07542400998643915,2020-05-01 13:00:00+01:00
2020-05-02 01:00:00+01:00,0.05,77.13380000000001,-0.02285120733596631,2020-05-01 13:00:00+01:00
2020-05-02 02:00:00+01:00,0.04,76.4916,-0.13430048401987407,2020-05-01 13:00:00+01:00
2020-05-02 03:00:00+01:00,0.04,77.78280000000001,0.03169779416782649,2020-05-01 13:00:00+01:00
2020-05-02 04:00:00+01:00,0.04,80.29480000000001,-0.002569490990692702,2020-05-01 13:00:00+01:00
2020-05-02 05:00:00+01:00,0.036,81.348,0.022577540031719162,2020-05-01 13:00:00+01:00
2020-05-02 06:00:00+01:00,0.04,86.4352,-0.05378240750363148,2020-05-01 13:00:00+01:00
2020-05-02 07:00:00+01:00,0.051500000000000004,93.0248,0.13631328083129104,2020-05-01 13:00:00+01:00
2020-05-02 08:00:00+01:00,0.052750000000000005,100.8638,0.22834198887456358,2020-05-01 13:00:00+01:00
2020-05-02 09:00:00+01:00,0.0535,105.7388,-0.04659962616055154,2020-05-01 13:00:00+01:00
2020-05-02 10:00:00+01:00,0.0564,108.757,-0.021705407288689978,2020-05-01 13:00:00+01:00
2020-05-02 11:00:00+01:00,0.05005,112.256,0.0847760015806222,2020-05-01 13:00:00+01:00
2020-05-02 12:00:00+01:00,0.03675,109.4426,-0.15386473727970226,2020-05-01 13:00:00+01:00
2020-05-01 14:00:00+01:00,-0.0002,99.023,-0.0002326811317108894,2020-05-01 14:00:00+01:00
2020-05-01 15:00:00+01:00,0.00975,96.482,0.026275751811360264,2020-05-01 14:00:00+01:00
2020-05-01 16:00:00+01:00,0.0394,97.8192,0.015588988425940663,2020-05-01 14:00:00+01:00
2020-05-01 17:00:00+01:00,0.09495,100.5918,0.06200795667930874,2020-05-01 14:00:00+01:00
2020-05-01 18:00:00+01:00,0.1175,103.3238,0.10071804028675763,2020-05-01 14:00:00+01:00
2020-05-01 19:00:00+01:00,0.14215,101.3022,0.16831626423478765,2020-05-01 14:00:00+01:00
2020-05-01 20:00:00+01:00,0.1344,98.37360000000001,0.07577131054683164,2020-05-01 14:00:00+01:00
2020-05-01 21:00:00+01:00,0.10455,97.61160000000001,0.11506473297168829,2020-05-01 14:00:00+01:00
2020-05-01 22:00:00+01:00,0.08,90.367,0.06291084179646489,2020-05-01 14:00:00+01:00
2020-05-01 23:00:00+01:00,0.061,82.9468,-0.011119021312537003,2020-05-01 14:00:00+01:00
2020-05-02 00:00:00+01:00,0.05,79.2734,0.02214402119844921,2020-05-01 14:00:00+01:00
2020-05-02 01:00:00+01:00,0.05,77.13380000000001,-0.06933201341928216,2020-05-01 14:00:00+01:00
2020-05-02 02:00:00+01:00,0.04,76.4916,0.16895307471047136,2020-05-01 14:00:00+01:00
2020-05-02 03:00:00+01:00,0.04,77.78280000000001,0.01581911690962582,2020-05-01 14:00:00+01:00
2020-05-02 04:00:00+01:00,0.04,80.29480000000001,0.003024590476804083,2020-05-01 14:00:00+01:00
2020-05-02 05:00:00+01:00,0.036,81.348,0.25010205937439284,2020-05-01 14:00:00+01:00
2020-05-02 06:00:00+01:00,0.04,86.4352,0.03280969579354662,2020-05-01 14:00:00+01:00
2020-05-02 07:00:00+01:00,0.051500000000000004,93.0248,0.017431639325118417,2020-05-01 14:00:00+01:00
2020-05-02 08:00:00+01:00,0.052750000000000005,100.8638,0.026300175271161713,2020-05-01 14:00:00+01:00
2020-05-02 09:00:00+01:00,0.0535,105.7388,-0.003385284874923289,2020-05-01 14:00:00+01:00
2020-05-02 10:00:00+01:00,0.0564,108.757,-0.10986139462202352,2020-05-01 14:00:00+01:00
2020-05-02 11:00:00+01:00,0.05005,112.256,0.08467725397181794,2020-05-01 14:00:00+01:00
2020-05-02 12:00:00+01:00,0.03675,109.4426,0.19209102536133535,2020-05-01 14:00:00+01:00
2020-05-02 13:00:00+01:00,0.028250000000000004,107.08760000000001,-0.19813241244794377,2020-05-01 14:00:00+01:00
2020-05-01 15:00:00+01:00,0.00975,96.482,0.0036794922800348195,2020-05-01 15:00:00+01:00
2020-05-01 16:00:00+01:00,0.0394,97.8192,0.017493353230890206,2020-05-01 15:00:00+01:00
2020-05-01 17:00:00+01:00,0.09495,100.5918,0.09201081148692822,2020-05-01 15:00:00+01:00
2020-05-01 18:00:00+01:00,0.1175,103.3238,0.12645248751424804,2020-05-01 15:00:00+01:00
2020-05-01 19:00:00+01:00,0.14215,101.3022,0.10261988243259904,2020-05-01 15:00:00+01:00
2020-05-01 20:00:00+01:00,0.1344,98.37360000000001,0.17027259163649996,2020-05-01 15:00:00+01:00
2020-05-01 21:00:00+01:00,0.10455,97.61160000000001,0.06575533142924668,2020-05-01 15:00:00+01:00
2020-05-01 22:00:00+01:00,0.08,90.367,-0.018358571916122182,2020-05-01 15:00:00+01:00
2020-05-01 23:00:00+01:00,0.061,82.9468,0.04024364461242627,2020-05-01 15:00:00+01:00
2020-05-02 00:00:00+01:00,0.05,79.2734,0.007021870253600078,2020-05-01 15:00:00+01:00
2020-05-02 01:00:00+01:00,0.05,77.13380000000001,0.03968726188163471,2020-05-01 15:00:00+01:00
2020-05-02 02:00:00+01:00,0.04,76.4916,0.004627708293979557,2020-05-01 15:00:00+01:00
2020-05-02 03:00:00+01:00,0.04,77.78280000000001,0.0115955540746033,2020-05-01 15:00:00+01:00
2020-05-02 04:00:00+01:00,0.04,80.29480000000001,0.08172616671197151,2020-05-01 15:00:00+01:00
2020-05-02 05:00:00+01:00,0.036,81.348,0.05832913883923946,2020-05-01 15:00:00+01:00
2020-05-02 06:00:00+01:00,0.04,86.4352,-0.03868640899384978,2020-05-01 15:00:00+01:00
2020-05-02 07:00:00+01:00,0.051500000000000004,93.0248,0.06655108592543965,2020-05-01 15:00:00+01:00
2020-05-02 08:00:00+01:00,0.052750000000000005,100.8638,0.046904039425886224,2020-05-01 15:00:00+01:00
2020-05-02 09:00:00+01:00,0.0535,105.7388,0.1253220798041829,2020-05-01 15:00:00+01:00
2020-05-02 10:00:00+01:00,0.0564,108.757,0.14478853626772437,2020-05-01 15:00:00+01:00
2020-05-02 11:00:00+01:00,0.05005,112.256,0.006867337424514994,2020-05-01 15:00:00+01:00
2020-05-02 12:00:00+01:00,0.03675,109.4426,0.026192738017314088,2020-05-01 15:00:00+01:00
2020-05-02 13:00:00+01:00,0.028250000000000004,107.08760000000001,0.03764384685916256,2020-05-01 15:00:00+01:00
2020-05-02 14:00:00+01:00,0.026250000000000002,104.851,0.38517643260291395,2020-05-01 15:00:00+01:00
2020-05-01 16:00:00+01:00,0.0394,97.8192,0.011155522114002371,2020-05-01 16:00:00+01:00
2020-05-01 17:00:00+01:00,0.09495,100.5918,0.08363957343958799,2020-05-01 16:00:00+01:00
2020-05-01 18:00:00+01:00,0.1175,103.3238,0.10315686355735904,2020-05-01 16:00:00+01:00
2020-05-01 19:00:00+01:00,0.14215,101.3022,0.14253121427306994,2020-05-01 16:00:00+01:00
2020-05-01 20:00:00+01:00,0.1344,98.37360000000001,0.10292127282482724,2020-05-01 16:00:00+01:00
2020-05-01 21:00:00+01:00,0.10455,97.61160000000001,0.06758576575632158,2020-05-01 16:00:00+01:00
2020-05-01 22:00:00+01:00,0.08,90.367,0.0186136826835765,2020-05-01 16:00:00+01:00
2020-05-01 23:00:00+01:00,0.061,82.9468,0.10422977526248363,2020-05-01 16:00:00+01:00
2020-05-02 00:00:00+01:00,0.05,79.2734,0.03437673674259799,2020-05-01 16:00:00+01:00
2020-05-02 01:00:00+01:00,0.05,77.13380000000001,0.13430249342147532,2020-05-01 16:00:00+01:00
2020-05-02 02:00:00+01:00,0.04,76.4916,0.0888974337796305,2020-05-01 16:00:00+01:00
2020-05-02 03:00:00+01:00,0.04,77.78280000000001,0.02855208610812625,2020-05-01 16:00:00+01:00
2020-05-02 04:00:00+01:00,0.04,80.29480000000001,0.001143602348102589,2020-05-01 16:00:00+01:00
2020-05-02 05:00:00+01:00,0.036,81.348,-0.014899382243656077,2020-05-01 16:00:00+01:00
2020-05-02 06:00:00+01:00,0.04,86.4352,-0.11352868930736987,2020-05-01 16:00:00+01:00
2020-05-02 07:00:00+01:00,0.051500000000000004,93.0248,-0.05592457286446728,2020-05-01 16:00:00+01:00
2020-05-02 08:00:00+01:00,0.052750000000000005,100.8638,0.12061169489492207,2020-05-01 16:00:00+01:00
2020-05-02 09:00:00+01:00,0.0535,105.7388,-0.04593410970413828,2020-05-01 16:00:00+01:00
2020-05-02 10:00:00+01:00,0.0564,108.757,-0.03663480633497249,2020-05-01 16:00:00+01:00
2020-05-02 11:00:00+01:00,0.05005,112.256,0.06997018894478862,2020-05-01 16:00:00+01:00
2020-05-02 12:00:00+01:00,0.03675,109.4426,0.034881996704716735,2020-05-01 16:00:00+01:00
2020-05-02 13:00:00+01:00,0.028250000000000004,107.08760000000001,-0.15475343264240177,2020-05-01 16:00:00+01:00
2020-05-02 14:00:00+01:00,0.026250000000000002,104.851,-0.16160409467566192,2020-05-01 16:00:00+01:00
2020-05-02 15:00:00+01:00,0.0283,105.39439999999999,0.03519812289865603,2020-05-01 16:00:00+01:00
2020-05-01 17:00:00+01:00,0.09495,100.5918,0.09188300413556527,2020-05-01 17:00:00+01:00
2020-05-01 18:00:00+01:00,0.1175,103.3238,0.11391181472773808,2020-05-01 17:00:00+01:00
2020-05-01 19:00:00+01:00,0.14215,101.3022,0.1520865076983813,2020-05-01 17:00:00+01:00
2020-05-01 20:00:00+01:00,0.1344,98.37360000000001,0.10911015696650804,2020-05-01 17:00:00+01:00
2020-05-01 21:00:00+01:00,0.10455,97.61160000000001,0.08638213267954283,2020-05-01 17:00:00+01:00
2020-05-01 22:00:00+01:00,0.08,90.367,0.15305772977491613,2020-05-01 17:00:00+01:00
2020-05-01 23:00:00+01:00,0.061,82.9468,-0.008029869249153151,2020-05-01 17:00:00+01:00
2020-05-02 00:00:00+01:00,0.05,79.2734,0.04752166940596534,2020-05-01 17:00:00+01:00
2020-05-02 01:00:00+01:00,0.05,77.13380000000001,0.1613802895599699,2020-05-01 17:00:00+01:00
2020-05-02 02:00:00+01:00,0.04,76.4916,-0.004721242277271227,2020-05-01 17:00:00+01:00
2020-05-02 03:00:00+01:00,0.04,77.78280000000001,0.059742222135120246,2020-05-01 17:00:00+01:00
2020-05-02 04:00:00+01:00,0.04,80.29480000000001,0.028384332674474117,2020-05-01 17:00:00+01:00
2020-05-02 05:00:00+01:00,0.036,81.348,0.05483211610102495,2020-05-01 17:00:00+01:00
2020-05-02 06:00:00+01:00,0.04,86.4352,-0.06997975483263683,2020-05-01 17:00:00+01:00
2020-05-02 07:00:00+01:00,0.051500000000000004,93.0248,0.024633506085937312,2020-05-01 17:00:00+01:00
2020-05-02 08:00:00+01:00,0.052750000000000005,100.8638,0.007086573496919664,2020-05-01 17:00:00+01:00
2020-05-02 09:00:00+01:00,0.0535,105.7388,-0.10488847154282846,2020-05-01 17:00:00+01:00
2020-05-02 10:00:00+01:00,0.0564,108.757,0.19581834362381326,2020-05-01 17:00:00+01:00
2020-05-02 11:00:00+01:00,0.05005,112.256,0.07069261345680694,2020-05-01 17:00:00+01:00
2020-05-02 12:00:00+01:00,0.03675,109.4426,0.21123031356466282,2020-05-01 17:00:00+01:00
2020-05-02 13:00:00+01:00,0.028250000000000004,107.08760000000001,0.12223945721071558,2020-05-01 17:00:00+01:00
2020-05-02 14:00:00+01:00,0.026250000000000002,104.851,-0.015276165404698637,2020-05-01 17:00:00+01:00
2020-05-02 15:00:00+01:00,0.0283,105.39439999999999,-0.15068088031224697,2020-05-01 17:00:00+01:00
2020-05-02 16:00:00+01:00,0.0425,104.3534,0.06424617380448386,2020-05-01 17:00:00+01:00
2020-05-01 18:00:00+01:00,0.1175,103.3238,0.12235633438120425,2020-05-01 18:00:00+01:00
2020-05-01 19:00:00+01:00,0.14215,101.3022,0.14938634401903458,2020-05-01 18:00:00+01:00
2020-05-01 20:00:00+01:00,0.1344,98.37360000000001,0.12030249603734969,2020-05-01 18:00:00+01:00
2020-05-01 21:00:00+01:00,0.10455,97.61160000000001,0.11779501350437405,2020-05-01 18:00:00+01:00
2020-05-01 22:00:00+01:00,0.08,90.367,0.1334767354613743,2020-05-01 18:00:00+01:00
2020-05-01 23:00:00+01:00,0.061,82.9468,0.026418197122743688,2020-05-01 18:00:00+01:00
2020-05-02 00:00:00+01:00,0.05,79.2734,-0.011019151593516137,2020-05-01 18:00:00+01:00
2020-05-02 01:00:00+01:00,0.05,77.13380000000001,0.09434166334369054,2020-05-01 18:00:00+01:00
2020-05-02 02:00:00+01:00,0.04,76.4916,-0.05777674372889153,2020-05-01 18:00:00+01:00
2020-05-02 03:00:00+01:00,0.04,77.78280000000001,0.07580149600846123,2020-05-01 18:00:00+01:00
2020-05-02 04:00:00+01:00,0.04,80.29480000000001,0.02207712227411322,2020-05-01 18:00:00+01:00
2020-05-02 05:00:00+01:00,0.036,81.348,-0.017027874769539778,2020-05-01 18:00:00+01:00
2020-05-02 06:00:00+01:00,0.04,86.4352,-0.06720184940514753,2020-05-01 18:00:00+01:00
2020-05-02 07:00:00+01:00,0.051500000000000004,93.0248,0.018432325611471068,2020-05-01 18:00:00+01:00
2020-05-02 08:00:00+01:00,0.052750000000000005,100.8638,-0.19744579132390822,2020-05-01 18:00:00+01:00
2020-05-02 09:00:00+01:00,0.0535,105.7388,-0.0733884172825432,2020-05-01 18:00:00+01:00
2020-05-02 10:00:00+01:00,0.0564,108.757,0.2232819963365859,2020-05-01 18:00:00+01:00
2020-05-02 11:00:00+01:00,0.05005,112.256,0.1474898536818129,2020-05-01 18:00:00+01:00
2020-05-02 12:00:00+01:00,0.03675,109.4426,-0.20089987481160898,2020-05-01 18:00:00+01:00
2020-05-02 13:00:00+01:00,0.028250000000000004,107.08760000000001,-0.0007936408216307096,2020-05-01 18:00:00+01:00
2020-05-02 14:00:00+01:00,0.026250000000000002,104.851,0.05049643372350249,2020-05-01 18:00:00+01:00
2020-05-02 15:00:00+01:00,0.0283,105.39439999999999,0.010781556991416748,2020-05-01 18:00:00+01:00
2020-05-02 16:00:00+01:00,0.0425,104.3534,-0.062486452262018564,2020-05-01 18:00:00+01:00
2020-05-02 17:00:00+01:00,0.08965,108.51939999999999,0.15324108655058327,2020-05-01 18:00:00+01:00
2020-05-01 19:00:00+01:00,0.14215,101.3022,0.12757407490609582,2020-05-01 19:00:00+01:00
2020-05-01 20:00:00+01:00,0.1344,98.37360000000001,0.12211446321428811,2020-05-01 19:00:00+01:00
2020-05-01 21:00:00+01:00,0.10455,97.61160000000001,0.09768310340184885,2020-05-01 19:00:00+01:00
2020-05-01 22:00:00+01:00,0.08,90.367,0.10610765309706073,2020-05-01 19:00:00+01:00
2020-05-01 23:00:00+01:00,0.061,82.9468,0.07666319102377804,2020-05-01 19:00:00+01:00
2020-05-02 00:00:00+01:00,0.05,79.2734,0.07486092219966647,2020-05-01 19:00:00+01:00
2020-05-02 01:00:00+01:00,0.05,77.13380000000001,-0.0008233852508915257,2020-05-01 19:00:00+01:00
2020-05-02 02:00:00+01:00,0.04,76.4916,0.07348429943971177,2020-05-01 19:00:00+01:00
2020-05-02 03:00:00+01:00,0.04,77.78280000000001,0.13450820909550082,2020-05-01 19:00:00+01:00
2020-05-02 04:00:00+01:00,0.04,80.29480000000001,0.06845949264556403,2020-05-01 19:00:00+01:00
2020-05-02 05:00:00+01:00,0.036,81.348,0.0900299724270798,2020-05-01 19:00:00+01:00
2020-05-02 06:00:00+01:00,0.04,86.4352,0.02076071578593047,2020-05-01 19:00:00+01:00
2020-05-02 07:00:00+01:00,0.051500000000000004,93.0248,0.022997616412804407,2020-05-01 19:00:00+01:00
2020-05-02 08:00:00+01:00,0.052750000000000005,100.8638,0.06649710640219182,2020-05-01 19:00:00+01:00
2020-05-02 09:00:00+01:00,0.0535,105.7388,0.12947424831840007,2020-05-01 19:00:00+01:00
2020-05-02 10:00:00+01:00,0.0564,108.757,0.12987887652679259,2020-05-01 19:00:00+01:00
2020-05-02 11:00:00+01:00,0.05005,112.256,0.09643913939268961,2020-05-01 19:00:00+01:00
2020-05-02 12:00:00+01:00,0.03675,109.4426,0.16266182009292718,2020-05-01 19:00:00+01:00
2020-05-02 13:00:00+01:00,0.028250000000000004,107.08760000000001,-0.30731018881139033,2020-05-01 19:00:00+01:00
2020-05-02 14:00:00+01:00,0.026250000000000002,104.851,-0.0899635686587072,2020-05-01 19:00:00+01:00
2020-05-02 15:00:00+01:00,0.0283,105.39439999999999,0.09725503616193623,2020-05-01 19:00:00+01:00
2020-05-02 16:00:00+01:00,0.0425,104.3534,-0.06382694799778335,2020-05-01 19:00:00+01:00
2020-05-02 17:00:00+01:00,0.08965,108.51939999999999,-0.0103676551521861,2020-05-01 19:00:00+01:00
2020-05-02 18:00:00+01:00,0.12755,107.82639999999999,0.2675465989048211,2020-05-01 19:00:00+01:00
2020-05-01 20:00:00+01:00,0.1344,98.37360000000001,0.1261574896264368,2020-05-01 20:00:00+01:00
2020-05-01 21:00:00+01:00,0.10455,97.61160000000001,0.08256519233641088,2020-05-01 20:00:00+01:00
2020-05-01 22:00:00+01:00,0.08,90.367,0.08173911612538526,2020-05-01 20:00:00+01:00
2020-05-01 23:00:00+01:00,0.061,82.9468,0.04988782283434086,2020-05-01 20:00:00+01:00
2020-05-02 00:00:00+01:00,0.05,79.2734,0.053011109800820154,2020-05-01 20:00:00+01:00
2020-05-02 01:00:00+01:00,0.05,77.13380000000001,0.037851437268120486,2020-05-01 20:00:00+01:00
2020-05-02 02:00:00+01:00,0.04,76.4916,0.04468706958644397,2020-05-01 20:00:00+01:00
2020-05-02 03:00:00+01:00,0.04,77.78280000000001,-0.0009537925285536125,2020-05-01 20:00:00+01:00
2020-05-02 04:00:00+01:00,0.04,80.29480000000001,0.08416779809095662,2020-05-01 20:00:00+01:00
2020-05-02 05:00:00+01:00,0.036,81.348,0.08587721448033739,2020-05-01 20:00:00+01:00
2020-05-02 06:00:00+01:00,0.04,86.4352,0.06327605893513553,2020-05-01 20:00:00+01:00
2020-05-02 07:00:00+01:00,0.051500000000000004,93.0248,0.12707425786469462,2020-05-01 20:00:00+01:00
2020-05-02 08:00:00+01:00,0.052750000000000005,100.8638,0.03742623929616129,2020-05-01 20:00:00+01:00
2020-05-02 09:00:00+01:00,0.0535,105.7388,0.07516707039600026,2020-05-01 20:00:00+01:00
2020-05-02 10:00:00+01:00,0.0564,108.757,0.07465212835649934,2020-05-01 20:00:00+01:00
2020-05-02 11:00:00+01:00,0.05005,112.256,0.14878677680993582,2020-05-01 20:00:00+01:00
2020-05-02 12:00:00+01:00,0.03675,109.4426,0.07472637831078835,2020-05-01 20:00:00+01:00
2020-05-02 13:00:00+01:00,0.028250000000000004,107.08760000000001,0.10004682898391648,2020-05-01 20:00:00+01:00
2020-05-02 14:00:00+01:00,0.026250000000000002,104.851,-0.11212958652718513,2020-05-01 20:00:00+01:00
2020-05-02 15:00:00+01:00,0.0283,105.39439999999999,-0.19946234132683388,2020-05-01 20:00:00+01:00
2020-05-02 16:00:00+01:00,0.0425,104.3534,-0.02300121541904695,2020-05-01 20:00:00+01:00
2020-05-02 17:00:00+01:00,0.08965,108.51939999999999,0.25697160388889884,2020-05-01 20:00:00+01:00
2020-05-02 18:00:00+01:00,0.12755,107.82639999999999,0.1245295391722655,2020-05-01 20:00:00+01:00
2020-05-02 19:00:00+01:00,0.1402,105.3522,0.24944003384859992,2020-05-01 20:00:00+01:00
2020-05-01 21:00:00+01:00,0.10455,97.61160000000001,0.1091489540075294,2020-05-01 21:00:00+01:00
2020-05-01 22:00:00+01:00,0.08,90.367,0.0862652680827768,2020-05-01 21:00:00+01:00
2020-05-01 23:00:00+01:00,0.061,82.9468,0.04842502827154427,2020-05-01 21:00:00+01:00
2020-05-02 00:00:00+01:00,0.05,79.2734,0.024732083460862576,2020-05-01 21:00:00+01:00
2020-05-02 01:00:00+01:00,0.05,77.13380000000001,0.14858678103174294,2020-05-01 21:00:00+01:00
2020-05-02 02:00:00+01:00,0.04,76.4916,0.03233260786286431,2020-05-01 21:00:00+01:00
2020-05-02 03:00:00+01:00,0.04,77.78280000000001,0.09608777953113028,2020-05-01 21:00:00+01:00
2020-05-02 04:00:00+01:00,0.04,80.29480000000001,0.08461654051772308,2020-05-01 21:00:00+01:00
2020-05-02 05:00:00+01:00,0.036,81.348,0.17872343237092486,2020-05-01 21:00:00+01:00
2020-05-02 06:00:00+01:00,0.04,86.4352,0.12834591479335092,2020-05-01 21:00:00+01:00
2020-05-02 07:00:00+01:00,0.051500000000000004,93.0248,0.016738536769034758,2020-05-01 21:00:00+01:00
2020-05-02 08:00:00+01:00,0.052750000000000005,100.8638,-0.004993675670851107,2020-05-01 21:00:00+01:00
2020-05-02 09:00:00+01:00,0.0535,105.7388,0.048732125428922475,2020-05-01 21:00:00+01:00
2020-05-02 10:00:00+01:00,0.0564,108.757,-0.08673967204447267,2020-05-01 21:00:00+01:00
2020-05-02 11:00:00+01:00,0.05005,112.256,-0.016927696048331997,2020-05-01 21:00:00+01:00
2020-05-02 12:00:00+01:00,0.03675,109.4426,0.048482071219880116,2020-05-01 21:00:00+01:00
2020-05-02 13:00:00+01:00,0.028250000000000004,107.08760000000001,0.029714043918920834,2020-05-01 21:00:00+01:00
2020-05-02 14:00:00+01:00,0.026250000000000002,104.851,0.0973264330811218,2020-05-01 21:00:00+01:00
2020-05-02 15:00:00+01:00,0.0283,105.39439999999999,-0.035782092070718426,2020-05-01 21:00:00+01:00
2020-05-02 16:00:00+01:00,0.0425,104.3534,0.09206360280241649,2020-05-01 21:00:00+01:00
2020-05-02 17:00:00+01:00,0.08965,108.51939999999999,-0.015984919066645384,2020-05-01 21:00:00+01:00
2020-05-02 18:00:00+01:00,0.12755,107.82639999999999,0.1833555264566738,2020-05-01 21:00:00+01:00
2020-05-02 19:00:00+01:00,0.1402,105.3522,0.03538999807907808,2020-05-01 21:00:00+01:00
2020-05-02 20:00:00+01:00,0.13185,101.8214,-0.10956522177115882,2020-05-01 21:00:00+01:00
2020-05-01 22:00:00+01:00,0.08,90.367,0.08459085063648894,2020-05-01 22:00:00+01:00
2020-05-01 23:00:00+01:00,0.061,82.9468,0.055069378098706295,2020-05-01 22:00:00+01:00
2020-05-02 00:00:00+01:00,0.05,79.2734,0.027424577637268577,2020-05-01 22:00:00+01:00
2020-05-02 01:00:00+01:00,0.05,77.13380000000001,0.03514052277227845,2020-05-01 22:00:00+01:00
2020-05-02 02:00:00+01:00,0.04,76.4916,0.06015021960317383,2020-05-01 22:00:00+01:00
2020-05-02 03:00:00+01:00,0.04,77.78280000000001,0.055784345673724735,2020-05-01 22:00:00+01:00
2020-05-02 04:00:00+01:00,0.04,80.29480000000001,0.04807404657754706,2020-05-01 22:00:00+01:00
2020-05-02 05:00:00+01:00,0.036,81.348,0.1083444473695746,2020-05-01 22:00:00+01:00
2020-05-02 06:00:00+01:00,0.04,86.4352,0.11687627961773789,2020-05-01 22:00:00+01:00
2020-05-02 07:00:00+01:00,0.051500000000000004,93.0248,0.07536783154267368,2020-05-01 22:00:00+01:00
2020-05-02 08:00:00+01:00,0.052750000000000005,100.8638,-0.014542803203797472,2020-05-01 22:00:00+01:00
2020-05-02 09:00:00+01:00,0.0535,105.7388,0.0764036747210305,2020-05-01 22:00:00+01:00
2020-05-02 10:00:00+01:00,0.0564,108.757,0.009720662624748758,2020-05-01 22:00:00+01:00
2020-05-02 11:00:00+01:00,0.05005,112.256,0.04436078864145981,2020-05-01 22:00:00+01:00
2020-05-02 12:00:00+01:00,0.03675,109.4426,0.15890029543374712,2020-05-01 22:00:00+01:00
2020-05-02 13:00:00+01:00,0.028250000000000004,107.08760000000001,-0.17812748262786468,2020-05-01 22:00:00+01:00
2020-05-02 14:00:00+01:00,0.026250000000000002,104.851,0.017538848882828792,2020-05-01 22:00:00+01:00
2020-05-02 15:00:00+01:00,0.0283,105.39439999999999,0.06930651183194317,2020-05-01 22:00:00+01:00
2020-05-02 16:00:00+01:00,0.0425,104.3534,0.10810222702795336,2020-05-01 22:00:00+01:00
2020-05-02 17:00:00+01:00,0.08965,108.51939999999999,0.10795187267993676,2020-05-01 22:00:00+01:00
2020-05-02 18:00:00+01:00,0.12755,107.82639999999999,0.24964896910971532,2020-05-01 22:00:00+01:00
2020-05-02 19:00:00+01:00,0.1402,105.3522,0.19482335108945598,2020-05-01 22:00:00+01:00
2020-05-02 20:00:00+01:00,0.13185,101.8214,0.01747195008849299,2020-05-01 22:00:00+01:00
2020-05-02 21:00:00+01:00,0.1219,99.93639999999999,0.16535063508187503,2020-05-01 22:00:00+01:00
2020-05-01 23:00:00+01:00,0.061,82.9468,0.0759483607596887,2020-05-01 23:00:00+01:00
2020-05-02 00:00:00+01:00,0.05,79.2734,0.07567067783061177,2020-05-01 23:00:00+01:00
2020-05-02 01:00:00+01:00,0.05,77.13380000000001,0.03569346812821336,2020-05-01 23:00:00+01:00
2020-05-02 02:00:00+01:00,0.04,76.4916,0.04495968916076468,2020-05-01 23:00:00+01:00
2020-05-02 03:00:00+01:00,0.04,77.78280000000001,0.07959839665782628,2020-05-01 23:00:00+01:00
2020-05-02 04:00:00+01:00,0.04,80.29480000000001,0.02129400799478447,2020-05-01 23:00:00+01:00
2020-05-02 05:00:00+01:00,0.036,81.348,-0.0006826437296579904,2020-05-01 23:00:00+01:00
2020-05-02 06:00:00+01:00,0.04,86.4352,-0.022345274353630033,2020-05-01 23:00:00+01:00
2020-05-02 07:00:00+01:00,0.051500000000000004,93.0248,0.06430460753606651,2020-05-01 23:00:00+01:00
2020-05-02 08:00:00+01:00,0.052750000000000005,100.8638,-0.027360688499653354,2020-05-01 23:00:00+01:00
2020-05-02 09:00:00+01:00,0.0535,105.7388,0.029204344608727336,2020-05-01 23:00:00+01:00
2020-05-02 10:00:00+01:00,0.0564,108.757,-0.04212095639177218,2020-05-01 23:00:00+01:00
2020-05-02 11:00:00+01:00,0.05005,112.256,0.0036754415980421312,2020-05-01 23:00:00+01:00
2020-05-02 12:00:00+01:00,0.03675,109.4426,-0.06714463816792973,2020-05-01 23:00:00+01:00
2020-05-02 13:00:00+01:00,0.028250000000000004,107.08760000000001,0.32760443899248937,2020-05-01 23:00:00+01:00
2020-05-02 14:00:00+01:00,0.026250000000000002,104.851,0.022492920122521555,2020-05-01 23:00:00+01:00
2020-05-02 15:00:00+01:00,0.0283,105.39439999999999,0.3002279059295451,2020-05-01 23:00:00+01:00
2020-05-02 16:00:00+01:00,0.0425,104.3534,0.00807926381522659,2020-05-01 23:00:00+01:00
2020-05-02 17:00:00+01:00,0.08965,108.51939999999999,0.2178413073739534,2020-05-01 23:00:00+01:00
2020-05-02 18:00:00+01:00,0.12755,107.82639999999999,0.13176584003781847,2020-05-01 23:00:00+01:00
2020-05-02 19:00:00+01:00,0.1402,105.3522,0.16406645086072946,2020-05-01 23:00:00+01:00
2020-05-02 20:00:00+01:00,0.13185,101.8214,-0.025210476863013115,2020-05-01 23:00:00+01:00
2020-05-02 21:00:00+01:00,0.1219,99.93639999999999,0.3301139023487053,2020-05-01 23:00:00+01:00
2020-05-02 22:00:00+01:00,0.10244999999999999,94.4658,0.1402048983864224,2020-05-01 23:00:00+01:00
2020-05-02 00:00:00+01:00,0.05,79.2734,0.04446053656889652,2020-05-02 00:00:00+01:00
2020-05-02 01:00:00+01:00,0.05,77.13380000000001,0.028948027935952376,2020-05-02 00:00:00+01:00
2020-05-02 02:00:00+01:00,0.04,76.4916,0.02074606577193336,2020-05-02 00:00:00+01:00
2020-05-02 03:00:00+01:00,0.04,77.78280000000001,-0.005628545362289156,2020-05-02 00:00:00+01:00
2020-05-02 04:00:00+01:00,0.04,80.29480000000001,0.04529913534222501,2020-05-02 00:00:00+01:00
2020-05-02 05:00:00+01:00,0.036,81.348,0.01964392641781555,2020-05-02 00:00:00+01:00
2020-05-02 06:00:00+01:00,0.04,86.4352,0.029359848198933614,2020-05-02 00:00:00+01:00
2020-05-02 07:00:00+01:00,0.051500000000000004,93.0248,0.011919984206446077,2020-05-02 00:00:00+01:00
2020-05-02 08:00:00+01:00,0.052750000000000005,100.8638,0.10763595341024457,2020-05-02 00:00:00+01:00
2020-05-02 09:00:00+01:00,0.0535,105.7388,0.12489080860846957,2020-05-02 00:00:00+01:00
2020-05-02 10:00:00+01:00,0.0564,108.757,0.08199118225762636,2020-05-02 00:00:00+01:00
2020-05-02 11:00:00+01:00,0.05005,112.256,0.11059435982202137,2020-05-02 00:00:00+01:00
2020-05-02 12:00:00+01:00,0.03675,109.4426,0.1209636339903821,2020-05-02 00:00:00+01:00
2020-05-02 13:00:00+01:00,0.028250000000000004,107.08760000000001,-0.033799784831024596,2020-05-02 00:00:00+01:00
2020-05-02 14:00:00+01:00,0.026250000000000002,104.851,-0.01471091707858447,2020-05-02 00:00:00+01:00
2020-05-02 15:00:00+01:00,0.0283,105.39439999999999,-0.018327320374430092,2020-05-02 00:00:00+01:00
2020-05-02 16:00:00+01:00,0.0425,104.3534,0.07345348577950915,2020-05-02 00:00:00+01:00
2020-05-02 17:00:00+01:00,0.08965,108.51939999999999,0.30261678529374264,2020-05-02 00:00:00+01:00
2020-05-02 18:00:00+01:00,0.12755,107.82639999999999,0.14061038585879163,2020-05-02 00:00:00+01:00
2020-05-02 19:00:00+01:00,0.1402,105.3522,0.27702717842084884,2020-05-02 00:00:00+01:00
2020-05-02 20:00:00+01:00,0.13185,101.8214,0.13230399941294177,2020-05-02 00:00:00+01:00
2020-05-02 21:00:00+01:00,0.1219,99.93639999999999,0.45060669063254094,2020-05-02 00:00:00+01:00
2020-05-02 22:00:00+01:00,0.10244999999999999,94.4658,0.17109073914862422,2020-05-02 00:00:00+01:00
2020-05-02 23:00:00+01:00,0.09,87.2654,0.031571066563983605,2020-05-02 00:00:00+01:00
